name;country
Noah;USA
Liam;USA
William;USA
Mason;USA
James;USA
Benjamin;USA
Jacob;USA
Michael;USA
Elijah;USA
Ethan;USA
Alexander;USA
Oliver;USA
Daniel;USA
Lucas;USA
Matthew;USA
Aiden;USA
Jackson;USA
Logan;USA
David;USA
Joseph;USA
Samuel;USA
Henry;USA
Owen;USA
Sebastian;USA
Gabriel;USA
Carter;USA
Jayden;USA
John;USA
Luke;USA
Anthony;USA
Isaac;USA
Dylan;USA
Wyatt;USA
Andrew;USA
Joshua;USA
Christopher;USA
Grayson;USA
Jack;USA
Julian;USA
Ryan;USA
Jaxon;USA
Levi;USA
Nathan;USA
Caleb;USA
Hunter;USA
Christian;USA
Isaiah;USA
Thomas;USA
Aaron;USA
Lincoln;USA
Charles;USA
Eli;USA
Landon;USA
Connor;USA
Josiah;USA
Jonathan;USA
Cameron;USA
Jeremiah;USA
Mateo;USA
Adrian;USA
Hudson;USA
Robert;USA
Nicholas;USA
Brayden;USA
Easton;USA
Nolan;USA
Jordan;USA
Colton;USA
Evan;USA
Angel;USA
Asher;USA
Dominic;USA
Austin;USA
Leo;USA
Adam;USA
Jace;USA
Jose;USA
Ian;USA
Cooper;USA
Gavin;USA
Carson;USA
Theodore;USA
Jaxson;USA
Jason;USA
Ezra;USA
Chase;USA
Parker;USA
Xavier;USA
Zachary;USA
Kevin;USA
Tyler;USA
Ayden;USA
Elias;USA
Bryson;USA
Leonardo;USA
Greyson;USA
Sawyer;USA
Roman;USA
Brandon;USA
Bentley;USA
Kayden;USA
Ryder;USA
Nathaniel;USA
Vincent;USA
Miles;USA
Santiago;USA
Harrison;USA
Tristan;USA
Declan;USA
Cole;USA
Maxwell;USA
Luis;USA
Justin;USA
Everett;USA
Micah;USA
Axel;USA
Wesley;USA
Max;USA
Silas;USA
Weston;USA
Ezekiel;USA
Juan;USA
Camden;USA
Damian;USA
George;USA
Braxton;USA
Blake;USA
Jameson;USA
Carlos;USA
Diego;USA
Ivan;USA
Kingston;USA
Ashton;USA
Jesus;USA
Brody;USA
Emmett;USA
Abel;USA
Jayce;USA
Maverick;USA
Bennett;USA
Giovanni;USA
Eric;USA
Maddox;USA
Kaiden;USA
Kai;USA
Alex;USA
Bryce;USA
Ryker;USA
Calvin;USA
Jonah;USA
Luca;USA
Timothy;USA
King;USA
Alan;USA
Malachi;USA
Brantley;USA
Abraham;USA
Emmanuel;USA
Antonio;USA
Jude;USA
Richard;USA
Miguel;USA
Edward;USA
Victor;USA
Amir;USA
Joel;USA
Steven;USA
Matteo;USA
Hayden;USA
Patrick;USA
Grant;USA
Preston;USA
Tucker;USA
Jesse;USA
Finn;USA
Oscar;USA
Kaleb;USA
Gael;USA
Graham;USA
Elliot;USA
Alejandro;USA
Rowan;USA
Marcus;USA
Jeremy;USA
Zayden;USA
Bryan;USA
Karter;USA
Beau;USA
Maximus;USA
Avery;USA
Aidan;USA
Elliott;USA
August;USA
Nicolas;USA
Mark;USA
Waylon;USA
Colin;USA
Bradley;USA
Kaden;USA
Kyle;USA
Xander;USA
Caden;USA
Paxton;USA
Brian;USA
Dean;USA
Paul;USA
Peter;USA
Kenneth;USA
Jasper;USA
Lorenzo;USA
Zane;USA
River;USA
Beckett;USA
Zion;USA
Jax;USA
Dawson;USA
Andres;USA
Messiah;USA
Jaden;USA
Rhett;USA
Lukas;USA
Brady;USA
Omar;USA
Jorge;USA
Riley;USA
Derek;USA
Charlie;USA
Emiliano;USA
Griffin;USA
Myles;USA
Israel;USA
Brooks;USA
Judah;USA
Sean;USA
Iker;USA
Javier;USA
Corbin;USA
Tanner;USA
Erick;USA
Adriel;USA
Jase;USA
Jake;USA
Simon;USA
Cayden;USA
Knox;USA
Tobias;USA
Felix;USA
Milo;USA
Jayceon;USA
Gunner;USA
Francisco;USA
Kameron;USA
Cash;USA
Remington;USA
Cody;USA
Rylan;USA
Martin;USA
Andre;USA
Reid;USA
Maximiliano;USA
Barrett;USA
Zander;USA
Archer;USA
Killian;USA
Stephen;USA
Clayton;USA
Thiago;USA
Spencer;USA
Amari;USA
Holden;USA
Josue;USA
Arthur;USA
Emilio;USA
Chance;USA
Eduardo;USA
Leon;USA
Travis;USA
Damien;USA
Manuel;USA
Ricardo;USA
Gage;USA
Keegan;USA
Titus;USA
Raymond;USA
Kyrie;USA
Nash;USA
Finley;USA
Fernando;USA
Louis;USA
Peyton;USA
Rafael;USA
Jaiden;USA
Phoenix;USA
Lane;USA
Emerson;USA
Dallas;USA
Cristian;USA
Collin;USA
Kyler;USA
Devin;USA
Jeffrey;USA
Walter;USA
Seth;USA
Anderson;USA
Cesar;USA
Donovan;USA
Mario;USA
Enzo;USA
Garrett;USA
Conner;USA
Legend;USA
Caiden;USA
Beckham;USA
Jett;USA
Ronan;USA
Troy;USA
Edwin;USA
Karson;USA
Hector;USA
Trevor;USA
Cohen;USA
Ali;USA
Conor;USA
Orion;USA
Shane;USA
Marco;USA
Andy;USA
Angelo;USA
Walker;USA
Quinn;USA
Dalton;USA
Tyson;USA
Sergio;USA
Ace;USA
Johnny;USA
Colt;USA
Dominick;USA
Gideon;USA
Julius;USA
Johnathan;USA
Cruz;USA
Edgar;USA
Dante;USA
Prince;USA
Marshall;USA
Ellis;USA
Joaquin;USA
Major;USA
Arlo;USA
Alexis;USA
Reed;USA
Muhammad;USA
Frank;USA
Theo;USA
Erik;USA
Shawn;USA
Grady;USA
Daxton;USA
Gregory;USA
Nehemiah;USA
Atticus;USA
Matias;USA
Bodhi;USA
Emanuel;USA
Jensen;USA
Kash;USA
Solomon;USA
Romeo;USA
Desmond;USA
Allen;USA
Roberto;USA
Jaylen;USA
Leonel;USA
Pedro;USA
Kason;USA
Fabian;USA
Clark;USA
Dakota;USA
Abram;USA
Kayson;USA
Noel;USA
Malik;USA
Odin;USA
Jared;USA
Kendrick;USA
Warren;USA
Rory;USA
Trenton;USA
Adan;USA
Jonas;USA
Ibrahim;USA
Landen;USA
Finnegan;USA
Jay;USA
Adonis;USA
Ruben;USA
Drew;USA
Atlas;USA
Gunnar;USA
Jaxton;USA
Hendrix;USA
Ismael;USA
Kane;USA
Pablo;USA
Wade;USA
Zaiden;USA
Russell;USA
Cade;USA
Malcolm;USA
Sullivan;USA
Kade;USA
Harvey;USA
Princeton;USA
Skyler;USA
Corey;USA
Esteban;USA
Leland;USA
Ari;USA
Zayn;USA
Derrick;USA
Kamden;USA
Porter;USA
Franklin;USA
Raiden;USA
Braylon;USA
Cyrus;USA
Benson;USA
Malakai;USA
Ronald;USA
Hugo;USA
Marcos;USA
Maximilian;USA
Hayes;USA
Lawson;USA
Philip;USA
Phillip;USA
Zachariah;USA
Bruce;USA
Braylen;USA
Dexter;USA
Aden;USA
Damon;USA
Enrique;USA
Lennox;USA
Drake;USA
Khalil;USA
Zayne;USA
Tate;USA
Brock;USA
Brendan;USA
Milan;USA
Armando;USA
Gerardo;USA
Jamison;USA
Rocco;USA
Nasir;USA
Augustus;USA
Dillon;USA
Sterling;USA
Moses;USA
Royal;USA
Royce;USA
Johan;USA
Scott;USA
Jaime;USA
Cason;USA
Chandler;USA
Deacon;USA
Raul;USA
Luka;USA
Remy;USA
Winston;USA
Mohamed;USA
Pierce;USA
Albert;USA
Taylor;USA
Danny;USA
Brycen;USA
Moises;USA
Nikolai;USA
Francis;USA
Bowen;USA
Jayson;USA
Quentin;USA
Hank;USA
Keith;USA
Kasen;USA
Donald;USA
Julio;USA
Davis;USA
Kolton;USA
Alec;USA
Lawrence;USA
Rhys;USA
Matthias;USA
Nico;USA
Kian;USA
Justice;USA
Ariel;USA
Kellan;USA
Mathias;USA
Braden;USA
Ryland;USA
Jerry;USA
Leonidas;USA
Rodrigo;USA
Ronin;USA
Lewis;USA
Dennis;USA
Alijah;USA
Kobe;USA
Luciano;USA
Frederick;USA
Ahmed;USA
Darius;USA
Arjun;USA
Asa;USA
Dax;USA
Nixon;USA
Eden;USA
Ezequiel;USA
Emmitt;USA
Tony;USA
Mathew;USA
Landyn;USA
Kyson;USA
Otto;USA
Saul;USA
Colby;USA
Uriel;USA
Dustin;USA
Omari;USA
Brennan;USA
Raphael;USA
Keaton;USA
Callen;USA
Arturo;USA
Isaias;USA
Roy;USA
Ty;USA
Kieran;USA
Cannon;USA
Dorian;USA
Marvin;USA
Uriah;USA
Cullen;USA
Sage;USA
Moshe;USA
Darren;USA
Cayson;USA
Aarav;USA
Case;USA
Izaiah;USA
Jimmy;USA
Gustavo;USA
Alberto;USA
Armani;USA
Chris;USA
Duke;USA
Rayan;USA
Casey;USA
Roland;USA
Curtis;USA
Mauricio;USA
Soren;USA
Alonzo;USA
Nikolas;USA
Yusuf;USA
Hamza;USA
Devon;USA
Jasiah;USA
Alfredo;USA
Jamari;USA
Jalen;USA
Raylan;USA
Edison;USA
Oakley;USA
Samson;USA
Quincy;USA
Sam;USA
Lionel;USA
Reece;USA
Jakob;USA
Kingsley;USA
Apollo;USA
Ahmad;USA
Bryant;USA
Alvin;USA
Trey;USA
Mohammed;USA
Conrad;USA
Mitchell;USA
Salvador;USA
Quinton;USA
Bo;USA
Mohammad;USA
Elian;USA
Lennon;USA
Cassius;USA
Gianni;USA
Leonard;USA
Ricky;USA
Douglas;USA
Larry;USA
Carl;USA
Gary;USA
Colten;USA
Korbin;USA
Ramon;USA
Issac;USA
Kellen;USA
Wilson;USA
Santino;USA
Julien;USA
Kylan;USA
Jagger;USA
Niko;USA
Lance;USA
Jefferson;USA
Joe;USA
Nelson;USA
Orlando;USA
Memphis;USA
Crosby;USA
Mekhi;USA
Nathanael;USA
Lucian;USA
Ayaan;USA
Neil;USA
Finnley;USA
Forrest;USA
Randy;USA
Rex;USA
Makai;USA
Tristen;USA
Layton;USA
Thaddeus;USA
Boston;USA
Brayan;USA
Tatum;USA
Trent;USA
Sylas;USA
Morgan;USA
Roger;USA
Casen;USA
Sincere;USA
Abdullah;USA
Maurice;USA
Titan;USA
Talon;USA
Langston;USA
Kyree;USA
Eddie;USA
Fletcher;USA
Noe;USA
Kamari;USA
Briggs;USA
Zeke;USA
Rowen;USA
Valentino;USA
Alden;USA
Aldo;USA
Kaison;USA
Vihaan;USA
Terry;USA
Bruno;USA
Lee;USA
Canaan;USA
Kohen;USA
Byron;USA
Reese;USA
Amos;USA
Braydon;USA
Deandre;USA
Harley;USA
Madden;USA
Flynn;USA
Hezekiah;USA
Harry;USA
Alessandro;USA
Zain;USA
Stanley;USA
Yosef;USA
Branson;USA
Lucca;USA
Ernesto;USA
Joziah;USA
Ares;USA
Leandro;USA
Blaine;USA
Marc;USA
Kristian;USA
Mack;USA
Carmelo;USA
Joey;USA
Jon;USA
Franco;USA
Jamal;USA
Kye;USA
Lachlan;USA
Dane;USA
Graysen;USA
Ben;USA
Callum;USA
Kristopher;USA
London;USA
Aryan;USA
Gannon;USA
Kareem;USA
Stetson;USA
Tomas;USA
Enoch;USA
Bronson;USA
Ford;USA
Baylor;USA
Kaysen;USA
Jaxen;USA
Axton;USA
Dominik;USA
Emery;USA
Rodney;USA
Jamir;USA
Tripp;USA
Layne;USA
Wilder;USA
Augustine;USA
Kelvin;USA
Vicente;USA
Crew;USA
Brett;USA
Clay;USA
Brecken;USA
Callan;USA
Jacoby;USA
Melvin;USA
Demetrius;USA
Rayden;USA
Terrance;USA
Abdiel;USA
Maxton;USA
Wayne;USA
Allan;USA
Rohan;USA
Yahir;USA
Fox;USA
Arian;USA
Chaim;USA
Cain;USA
Jedidiah;USA
Ray;USA
Zechariah;USA
Brentley;USA
Guillermo;USA
Aron;USA
Otis;USA
Tommy;USA
Maximo;USA
Skylar;USA
Alonso;USA
Cory;USA
Dariel;USA
Grey;USA
Marcelo;USA
Reyansh;USA
Bobby;USA
Castiel;USA
Kase;USA
Toby;USA
Lochlan;USA
Marcel;USA
Jadiel;USA
Jeffery;USA
Zackary;USA
Fisher;USA
Yousef;USA
Dash;USA
Anakin;USA
Axl;USA
Felipe;USA
Brodie;USA
Damari;USA
Elisha;USA
Maison;USA
Zaire;USA
Anson;USA
Davion;USA
Samir;USA
Eugene;USA
Hassan;USA
Azariah;USA
Clyde;USA
Kannon;USA
Harper;USA
Magnus;USA
Nickolas;USA
Boone;USA
Coen;USA
Kole;USA
Willie;USA
Xzavier;USA
Chad;USA
Harold;USA
Alvaro;USA
Duncan;USA
Trace;USA
Houston;USA
Landry;USA
Vincenzo;USA
Ameer;USA
Gerald;USA
Junior;USA
Kamdyn;USA
Marlon;USA
Jamie;USA
Payton;USA
Bentlee;USA
Camdyn;USA
Kamryn;USA
Anders;USA
Aydin;USA
Reginald;USA
Benton;USA
Jaziel;USA
Will;USA
Bodie;USA
Misael;USA
Westin;USA
Harlan;USA
Channing;USA
Keenan;USA
Kody;USA
Thatcher;USA
Kolten;USA
Terrence;USA
Valentin;USA
Emory;USA
Henrik;USA
Jermaine;USA
Jerome;USA
Denver;USA
Sonny;USA
Cairo;USA
Darian;USA
Mayson;USA
Alfred;USA
Cristiano;USA
Maxim;USA
Miller;USA
Stefan;USA
Bridger;USA
Eliseo;USA
Hugh;USA
Leighton;USA
Javion;USA
Riaan;USA
Santana;USA
Blaze;USA
Darwin;USA
Markus;USA
Rogelio;USA
Rudy;USA
Shepherd;USA
Billy;USA
Marley;USA
Ronnie;USA
Vaughn;USA
Huxley;USA
Rey;USA
Shiloh;USA
Keagan;USA
Adrien;USA
Draven;USA
Ephraim;USA
Reuben;USA
Brysen;USA
Giovani;USA
Brixton;USA
Heath;USA
Zyaire;USA
Alistair;USA
Kalel;USA
Vance;USA
Zavier;USA
Ridge;USA
Sutton;USA
Yehuda;USA
Neymar;USA
Rene;USA
Dayton;USA
Shaun;USA
Dangelo;USA
Jessie;USA
Camron;USA
Emmet;USA
Ishaan;USA
Kenny;USA
Zaid;USA
Alexzander;USA
Jordy;USA
Micheal;USA
Howard;USA
Blaise;USA
Eason;USA
Kylo;USA
Braiden;USA
Craig;USA
Westley;USA
Hakeem;USA
Van;USA
Cedric;USA
Darrell;USA
Karim;USA
Khalid;USA
Louie;USA
Turner;USA
Jabari;USA
Jairo;USA
Mustafa;USA
Salvatore;USA
Justus;USA
Konnor;USA
Alfonso;USA
Gibson;USA
Jericho;USA
Kendall;USA
Lamar;USA
Koda;USA
Terrell;USA
Tristian;USA
Achilles;USA
Ignacio;USA
Leroy;USA
Judson;USA
Ramiro;USA
Yahya;USA
Dario;USA
Rolando;USA
Vivaan;USA
Jair;USA
Marquis;USA
Ulises;USA
Dimitri;USA
Kashton;USA
Tadeo;USA
Ahmir;USA
Avi;USA
Dwayne;USA
Gordon;USA
Musa;USA
Ira;USA
Javon;USA
Seamus;USA
Kolby;USA
Rocky;USA
Yisroel;USA
Brantlee;USA
Urijah;USA
Brayson;USA
Foster;USA
Lyric;USA
Mikael;USA
Santos;USA
Gilbert;USA
Greysen;USA
Kymani;USA
Leif;USA
Agustin;USA
Coleman;USA
Harris;USA
Dominique;USA
Eliezer;USA
Gauge;USA
Immanuel;USA
Keanu;USA
Konner;USA
Benicio;USA
Brent;USA
Ernest;USA
Jad;USA
Lyle;USA
Merrick;USA
Amare;USA
Jamarion;USA
Camilo;USA
Creed;USA
Giancarlo;USA
Krish;USA
Maddux;USA
Anton;USA
Jonathon;USA
Steve;USA
Wesson;USA
Brenden;USA
Davian;USA
Jamar;USA
Jeremias;USA
Menachem;USA
Ralph;USA
Reagan;USA
Bode;USA
Braeden;USA
Chevy;USA
Gus;USA
Kaiser;USA
Shmuel;USA
Simeon;USA
Aydan;USA
Briar;USA
Frankie;USA
Tyrone;USA
Abner;USA
Dilan;USA
Jordyn;USA
Malaki;USA
Decker;USA
Roderick;USA
Juelz;USA
Kamron;USA
Wallace;USA
Isiah;USA
Aaden;USA
Danilo;USA
Sidney;USA
Antoine;USA
Jaydon;USA
Lian;USA
Ean;USA
Rodolfo;USA
Tyree;USA
Brice;USA
Truman;USA
Aidyn;USA
Gino;USA
Jovani;USA
Randall;USA
Aarush;USA
Imran;USA
Kylen;USA
Ross;USA
Youssef;USA
Edmund;USA
Mike;USA
Semaj;USA
Shepard;USA
Camryn;USA
Joan;USA
Bear;USA
Bishop;USA
Carsen;USA
Clinton;USA
Cristopher;USA
Elvis;USA
Finnian;USA
Jadon;USA
Jovanni;USA
Osvaldo;USA
Slade;USA
Bastian;USA
Colson;USA
Jaxxon;USA
Rayyan;USA
Zack;USA
Braylin;USA
Jaxx;USA
Kaeden;USA
Todd;USA
Darryl;USA
Isai;USA
Jayvion;USA
Jesiah;USA
Kyng;USA
Rashad;USA
Shimon;USA
Davin;USA
Deon;USA
Harlem;USA
Zyon;USA
Eamon;USA
Jean;USA
Kooper;USA
Mordechai;USA
Quintin;USA
Carlo;USA
Darien;USA
Kyren;USA
Norman;USA
Yael;USA
Koen;USA
Korbyn;USA
Alaric;USA
Boden;USA
Deshawn;USA
Kabir;USA
Kain;USA
Kamren;USA
Vladimir;USA
Campbell;USA
Gilberto;USA
Malakhi;USA
Stone;USA
Aksel;USA
Aries;USA
Forest;USA
Idris;USA
Rylen;USA
Yadiel;USA
Ayan;USA
Cillian;USA
Haiden;USA
Lucien;USA
Makhi;USA
Remi;USA
Zahir;USA
Denzel;USA
Karsen;USA
Nick;USA
Stephan;USA
Zamir;USA
Mac;USA
Teagan;USA
Deangelo;USA
Glenn;USA
Jakobe;USA
Dale;USA
Mccoy;USA
Onyx;USA
Pierre;USA
German;USA
Ismail;USA
Aayan;USA
Adler;USA
Barry;USA
Beck;USA
Cormac;USA
Efrain;USA
Garrison;USA
Kennedy;USA
Lathan;USA
Robin;USA
Chace;USA
Khari;USA
Zayd;USA
Johann;USA
Kiaan;USA
Shlomo;USA
Bilal;USA
Brenton;USA
Derick;USA
Izayah;USA
Karl;USA
Ruger;USA
Yaseen;USA
Adiel;USA
Gianluca;USA
Jaycob;USA
Andreas;USA
Demarcus;USA
Rylee;USA
Taj;USA
Damion;USA
Kent;USA
Maxx;USA
Sami;USA
Tristin;USA
Bernard;USA
Deegan;USA
Elmer;USA
Murphy;USA
Tyrell;USA
Aedan;USA
Armaan;USA
Camren;USA
Cortez;USA
Smith;USA
Tayden;USA
Eliot;USA
Kilian;USA
Ledger;USA
Trystan;USA
Zev;USA
Ansel;USA
Aston;USA
Boaz;USA
Gerard;USA
Kace;USA
Oskar;USA
Viktor;USA
Wes;USA
Cal;USA
Dhruv;USA
Jenson;USA
Kaine;USA
Kenton;USA
Lucius;USA
Triston;USA
Caspian;USA
Reign;USA
Yaakov;USA
Aditya;USA
Jaylon;USA
Raheem;USA
Syed;USA
Yoel;USA
Baker;USA
Cian;USA
Jarvis;USA
Kalvin;USA
Meir;USA
Torin;USA
Abdulrahman;USA
Clarence;USA
Jakari;USA
Kaidyn;USA
Kyan;USA
Lev;USA
Niam;USA
Broderick;USA
Freddy;USA
Marcello;USA
Addison;USA
Marcellus;USA
Rian;USA
Ander;USA
Benedict;USA
Caysen;USA
Kairo;USA
Yair;USA
Anas;USA
Bjorn;USA
Caius;USA
Cornelius;USA
Kaisen;USA
Koa;USA
Neal;USA
Vince;USA
Yitzchok;USA
Branden;USA
Darnell;USA
Gatlin;USA
Hasan;USA
Nova;USA
Ramsey;USA
Daylen;USA
Finnick;USA
Milton;USA
Quinten;USA
Salem;USA
Jet;USA
Octavio;USA
Yeshua;USA
Alton;USA
Atreyu;USA
Dashiell;USA
Keon;USA
Masen;USA
Amarion;USA
Deklan;USA
Jorden;USA
Leeland;USA
Link;USA
Aleksander;USA
Aven;USA
Cristobal;USA
Everest;USA
Gray;USA
Maksim;USA
Mikel;USA
Nigel;USA
Reynaldo;USA
Jaylin;USA
Pierson;USA
Ulysses;USA
Veer;USA
Viaan;USA
Aaryan;USA
Dion;USA
Dov;USA
Johnathon;USA
Nikko;USA
Rome;USA
Salman;USA
Zephaniah;USA
Avraham;USA
Coy;USA
Daryl;USA
Gian;USA
Jayse;USA
Mathis;USA
Noble;USA
Phineas;USA
Ash;USA
Carver;USA
Giovanny;USA
Guy;USA
Jael;USA
Jai;USA
Jovan;USA
Keller;USA
Tiago;USA
Zakai;USA
Corbyn;USA
Eddy;USA
Irving;USA
Pranav;USA
Amar;USA
Eliam;USA
Elon;USA
Jacobi;USA
Kallen;USA
Pharaoh;USA
Akeem;USA
Bernardo;USA
Brogan;USA
Clifford;USA
Corban;USA
Cashton;USA
Ewan;USA
Francesco;USA
Gonzalo;USA
Jethro;USA
Josias;USA
Thorin;USA
Aayden;USA
Diesel;USA
Karsyn;USA
Zavion;USA
Baron;USA
Bowie;USA
Cedar;USA
Ever;USA
Lazarus;USA
Lyndon;USA
Maddix;USA
Rishi;USA
Steele;USA
Archie;USA
Mariano;USA
Palmer;USA
Rio;USA
Tevin;USA
Aamir;USA
Adolfo;USA
Axle;USA
Ishmael;USA
Mikah;USA
Osiris;USA
Westyn;USA
Zaylen;USA
Aubrey;USA
Canyon;USA
Colter;USA
Destin;USA
Devan;USA
Devonte;USA
Eleazar;USA
Hans;USA
Kyron;USA
Sheldon;USA
Ammar;USA
Arham;USA
Damarion;USA
Eliyahu;USA
Gavyn;USA
Jaydan;USA
Linus;USA
Nazir;USA
Nikola;USA
Tzvi;USA
Carmine;USA
Donte;USA
Ender;USA
Humberto;USA
Jarrett;USA
Kyran;USA
Ronaldo;USA
Rowdy;USA
Siddharth;USA
Hagen;USA
Mikhail;USA
Monroe;USA
Sammy;USA
Truett;USA
Abdul;USA
Haven;USA
Micaiah;USA
Ramses;USA
Zeus;USA
Arnav;USA
Banks;USA
Eliel;USA
Wiley;USA
Avion;USA
Azriel;USA
Benaiah;USA
Brennen;USA
Bronx;USA
Dereck;USA
Elan;USA
Ezrah;USA
Fredrick;USA
Jonael;USA
Kenji;USA
Laith;USA
Tahj;USA
Tariq;USA
Zayvion;USA
Zephyr;USA
Advik;USA
Brendon;USA
Brighton;USA
Clint;USA
Emil;USA
Hollis;USA
Kanon;USA
Khai;USA
Kolt;USA
Gaige;USA
Hussein;USA
Wells;USA
Arrow;USA
Davon;USA
Demari;USA
Jacen;USA
Johnpaul;USA
Kurt;USA
Lenny;USA
Xavi;USA
Atharv;USA
Benny;USA
Dev;USA
Emmit;USA
Giuseppe;USA
Jaxsen;USA
Jeremih;USA
Kion;USA
Kruz;USA
Oren;USA
Perry;USA
Presley;USA
Calder;USA
Jordi;USA
Rico;USA
Watson;USA
Beaux;USA
Brigham;USA
Carsyn;USA
Coby;USA
Deion;USA
Dezmond;USA
Henri;USA
Jakai;USA
Kelton;USA
Korben;USA
Chayce;USA
Floyd;USA
Graeme;USA
Kael;USA
Macklin;USA
Tobin;USA
Umar;USA
Wolfgang;USA
Amias;USA
Bently;USA
Damir;USA
Denim;USA
Emir;USA
Kelly;USA
Leyton;USA
Matheo;USA
Niklaus;USA
Sebastien;USA
Tyrese;USA
Dakari;USA
Eder;USA
Elvin;USA
Evander;USA
Geovanni;USA
Rigoberto;USA
Syncere;USA
Tylan;USA
Aurelio;USA
Callahan;USA
Duane;USA
Gerson;USA
Hyrum;USA
Lamont;USA
Montgomery;USA
Saint;USA
Trevon;USA
Cordell;USA
Isa;USA
Ishan;USA
Jaceon;USA
Kaius;USA
Levon;USA
Yandel;USA
Yasir;USA
Alek;USA
Azrael;USA
Jaidyn;USA
Jariel;USA
Jones;USA
Khaled;USA
Linkin;USA
Lonnie;USA
Ren;USA
Yasin;USA
Zaden;USA
Azael;USA
Braxtyn;USA
Chaz;USA
Donnie;USA
Knowledge;USA
Kylar;USA
Ryden;USA
Yakov;USA
Jahlil;USA
Stephon;USA
Zabdiel;USA
Antony;USA
Earl;USA
Granger;USA
Krew;USA
Lloyd;USA
Marquise;USA
Monte;USA
Vernon;USA
Abdirahman;USA
Ansh;USA
Antwan;USA
Bailey;USA
Courtney;USA
Jaquan;USA
Lars;USA
Ransom;USA
Zakariya;USA
Josh;USA
Klayton;USA
Kyzer;USA
Wilmer;USA
Constantine;USA
Elam;USA
Fred;USA
Hoyt;USA
Ilan;USA
Irvin;USA
Isaak;USA
Jaxyn;USA
Marek;USA
Markell;USA
Obadiah;USA
Zakaria;USA
Dovid;USA
Fynn;USA
Keelan;USA
Kenan;USA
Mattias;USA
Nestor;USA
Arden;USA
Austyn;USA
Britton;USA
Kiran;USA
Mylo;USA
Myron;USA
Zaidyn;USA
Abhiram;USA
Arman;USA
Auden;USA
Daxon;USA
Don;USA
Eitan;USA
Gareth;USA
Kainoa;USA
Keyon;USA
Korey;USA
Lyam;USA
Mauro;USA
Noam;USA
Ocean;USA
Amauri;USA
Avrohom;USA
Dillan;USA
Ely;USA
Finnigan;USA
Jamel;USA
Jayven;USA
Kenzo;USA
Marshawn;USA
Morris;USA
Ollie;USA
Teo;USA
Alexavier;USA
Cecil;USA
Devyn;USA
Jaycion;USA
Kiyan;USA
Lester;USA
Shaan;USA
Shea;USA
Ved;USA
Zaine;USA
Alister;USA
Cam;USA
Kale;USA
Yariel;USA
Dan;USA
Huck;USA
Ilyas;USA
Jahmir;USA
Jionni;USA
Journey;USA
Massimo;USA
Aryeh;USA
Boyd;USA
Jaeden;USA
Jaron;USA
Jelani;USA
Kasey;USA
Koby;USA
Linden;USA
Luther;USA
Marcelino;USA
Neo;USA
Abdullahi;USA
Arnold;USA
Dwight;USA
Genesis;USA
Hamilton;USA
Jaleel;USA
Jerimiah;USA
Kyrin;USA
Kysen;USA
Neel;USA
Vito;USA
Wylie;USA
Ambrose;USA
Davi;USA
Eithan;USA
Jessiah;USA
Klay;USA
Obed;USA
Rockwell;USA
Sire;USA
Sultan;USA
Terence;USA
Viraj;USA
Yoandri;USA
Aylan;USA
Braxten;USA
Deven;USA
Eyad;USA
Gentry;USA
Grayden;USA
Maddex;USA
Maxon;USA
Nyle;USA
Rogan;USA
Aspen;USA
Austen;USA
Barron;USA
Ellison;USA
Jamarcus;USA
Kamarion;USA
Luc;USA
Malek;USA
Reilly;USA
Riker;USA
Yousif;USA
Zakari;USA
Zyler;USA
Aizen;USA
Akiva;USA
Alexandre;USA
Aziel;USA
Dashawn;USA
Johnnie;USA
Kipton;USA
Lazaro;USA
Loki;USA
Marko;USA
Nikita;USA
Olin;USA
Zacharias;USA
Efren;USA
Filip;USA
Fischer;USA
Hussain;USA
Raylen;USA
Rishaan;USA
Savion;USA
Seven;USA
Yuvan;USA
Braulio;USA
Cael;USA
Calum;USA
Chancellor;USA
Fidel;USA
Judd;USA
Kadyn;USA
Markel;USA
Nikhil;USA
Ryatt;USA
Cale;USA
Cristofer;USA
Dandre;USA
Faris;USA
Henley;USA
Jahir;USA
Jamil;USA
Lenox;USA
Leopold;USA
Maceo;USA
Nate;USA
Nolen;USA
Shamar;USA
Tiberius;USA
Tristyn;USA
Tytus;USA
Valor;USA
Clifton;USA
Ethen;USA
Gadiel;USA
Hashim;USA
Hiram;USA
Jakobi;USA
Jiovanni;USA
Josef;USA
Kellin;USA
Ken;USA
Laken;USA
Maximillian;USA
Orson;USA
Talan;USA
Thor;USA
Wendell;USA
Ashtyn;USA
Athan;USA
Ayansh;USA
Bryer;USA
Canon;USA
Cartier;USA
Demarion;USA
Estevan;USA
Nehemias;USA
Raleigh;USA
Storm;USA
Avian;USA
Chayse;USA
Denis;USA
Gionni;USA
Hawkins;USA
Jeramiah;USA
Kurtis;USA
Kyden;USA
Mickey;USA
Oden;USA
Virgil;USA
Wren;USA
Abdulaziz;USA
Ajay;USA
Ames;USA
Anay;USA
Domenic;USA
Everardo;USA
Hadi;USA
Konrad;USA
Rafe;USA
Renzo;USA
Shaurya;USA
Shay;USA
Breck;USA
Darion;USA
Ervin;USA
Fitzgerald;USA
Flint;USA
Javian;USA
Marquez;USA
Om;USA
Orin;USA
Osman;USA
Rudra;USA
Sky;USA
Stryker;USA
Tenzin;USA
Alessio;USA
Aris;USA
Brandt;USA
Clive;USA
Jackie;USA
Kasyn;USA
Patricio;USA
Roan;USA
Taylen;USA
Zachery;USA
Blair;USA
Bryden;USA
Daylan;USA
Ezio;USA
Glen;USA
Jan;USA
Malikai;USA
Teddy;USA
Tegan;USA
Treyson;USA
Triton;USA
Aadvik;USA
Alexandro;USA
Ayub;USA
Casper;USA
Dewayne;USA
Drayden;USA
Freddie;USA
Heriberto;USA
Jules;USA
Leander;USA
Lucio;USA
Massiah;USA
Said;USA
Scout;USA
Warner;USA
Yazan;USA
Adin;USA
Amin;USA
Arvin;USA
Deshaun;USA
Fredy;USA
Giorgio;USA
Herman;USA
Jaiceon;USA
Jordon;USA
Kenai;USA
Keoni;USA
Khristian;USA
Omer;USA
Saif;USA
Shiv;USA
Townes;USA
Tyce;USA
Aahil;USA
Anish;USA
Bradyn;USA
Cai;USA
Gavriel;USA
Miguelangel;USA
Nile;USA
Paris;USA
Sabastian;USA
Shaya;USA
Theron;USA
Yousuf;USA
Zavian;USA
Aj;USA
Azaiah;USA
Brant;USA
Caesar;USA
Carlton;USA
Coleson;USA
Eastyn;USA
Geoffrey;USA
Gracen;USA
Herbert;USA
Issa;USA
Jaysen;USA
Jhett;USA
Job;USA
Khyree;USA
Kirk;USA
Muhammed;USA
Samarth;USA
Tru;USA
Tyshawn;USA
Zackery;USA
Andrey;USA
Benito;USA
Charley;USA
Damoni;USA
Devante;USA
Eiden;USA
Kahlil;USA
Masyn;USA
Ridley;USA
Shayne;USA
Taha;USA
Aharon;USA
Cru;USA
Egypt;USA
Gene;USA
Heston;USA
Jacobo;USA
Jakub;USA
Jovanny;USA
Kayleb;USA
Keshawn;USA
Kylin;USA
Maxson;USA
Merritt;USA
Rickey;USA
Rivers;USA
Shannon;USA
Stellan;USA
Teegan;USA
Tyrus;USA
Hendrick;USA
Hiro;USA
Izaac;USA
Kalani;USA
Khaza;USA
Legacy;USA
Meyer;USA
Rami;USA
Shalom;USA
Sulaiman;USA
Woodrow;USA
Aiyden;USA
Angus;USA
Avyan;USA
Brentlee;USA
Brently;USA
Bryar;USA
Cadence;USA
Chester;USA
Conley;USA
Elyas;USA
Hernan;USA
Karsten;USA
Lex;USA
Marion;USA
Saad;USA
Abbas;USA
Adriano;USA
Alder;USA
Aram;USA
Ayman;USA
Braedyn;USA
Brexton;USA
Demetri;USA
Deonte;USA
Dixon;USA
Gregorio;USA
Isael;USA
Jacari;USA
Jaydin;USA
Jeshua;USA
Kaleo;USA
Mamadou;USA
Manolo;USA
Oziel;USA
Saleh;USA
Tidus;USA
Trayvon;USA
Witten;USA
Zyion;USA
Abelardo;USA
Ayaansh;USA
Branch;USA
Donavan;USA
Donnell;USA
Jasiel;USA
Kacen;USA
Kanaan;USA
Kavin;USA
Kip;USA
Locke;USA
Loren;USA
Marcell;USA
Osmar;USA
Raymundo;USA
Sloan;USA
Sylis;USA
Tre;USA
Yuvraj;USA
Zac;USA
Zen;USA
Zyan;USA
Adhvik;USA
Bane;USA
Demarco;USA
Hansel;USA
Jaheim;USA
Jaxsyn;USA
Krishna;USA
Ozias;USA
Pax;USA
Riot;USA
Ryley;USA
Tremaine;USA
Wylder;USA
Yash;USA
Aleksandr;USA
Amani;USA
Amen;USA
Coltyn;USA
Indiana;USA
Jacques;USA
Jayvon;USA
Jencarlos;USA
Johnson;USA
Kory;USA
Olivier;USA
Ryu;USA
Shia;USA
Shlok;USA
West;USA
Xaiden;USA
Yehoshua;USA
Zayan;USA
Aaiden;USA
Ashwin;USA
Blaize;USA
Bram;USA
Bryton;USA
Darrius;USA
Dempsey;USA
Everette;USA
Hendrik;USA
Honor;USA
Jamaal;USA
Javen;USA
Jeronimo;USA
Karam;USA
Kaycen;USA
Marlo;USA
Skye;USA
Sunny;USA
Yuvaan;USA
Zeppelin;USA
Armin;USA
Darin;USA
Eesa;USA
Izan;USA
Jahaziel;USA
Mahdi;USA
Marlin;USA
Payson;USA
Radley;USA
Rehan;USA
Rhyder;USA
Salomon;USA
Sylus;USA
Syrus;USA
Tom;USA
Willem;USA
Azaan;USA
Damani;USA
Devansh;USA
Edmond;USA
Eliott;USA
Guadalupe;USA
Isidro;USA
Jalil;USA
Jaxston;USA
Jayvian;USA
Jimmie;USA
Kayne;USA
Khamari;USA
Mavrick;USA
Ranger;USA
Richie;USA
Rush;USA
Sahil;USA
Zyair;USA
Ahmari;USA
Ayush;USA
Bradford;USA
Brooklyn;USA
Hazen;USA
Holt;USA
Ibraheem;USA
Juancarlos;USA
Kainen;USA
Keylor;USA
Marius;USA
Masiah;USA
Mckinley;USA
Mordecai;USA
Noa;USA
Patton;USA
Tamir;USA
Tim;USA
Waylen;USA
Willis;USA
Abhinav;USA
Arik;USA
Arion;USA
Beckam;USA
Brayton;USA
Carmello;USA
Chayton;USA
Conan;USA
Daquan;USA
Dontae;USA
Emrys;USA
Itzae;USA
Jakhi;USA
Jaycee;USA
Kaedyn;USA
Kanan;USA
Kekoa;USA
Makaio;USA
Mayer;USA
Osiel;USA
Samar;USA
Sylar;USA
Wolf;USA
Yisrael;USA
Adnan;USA
Amere;USA
Andrei;USA
Blayne;USA
Carsten;USA
Ciaran;USA
Croix;USA
Evin;USA
Federico;USA
Kalen;USA
Karas;USA
Karon;USA
Mahir;USA
Naksh;USA
Nicolai;USA
Rick;USA
Sameer;USA
Sylvester;USA
Yonatan;USA
Allister;USA
Antwon;USA
Bennet;USA
Calen;USA
Cypress;USA
Elyjah;USA
Eros;USA
Izaak;USA
Jaylan;USA
Landan;USA
Maverik;USA
Revan;USA
Riggs;USA
Wali;USA
Aren;USA
Charleston;USA
Conway;USA
Demario;USA
Eldon;USA
Iverson;USA
Jahari;USA
Jed;USA
Kaizer;USA
Kaydon;USA
Mace;USA
Mohamad;USA
Oshea;USA
Penn;USA
Shayan;USA
Valen;USA
Xavian;USA
Yassin;USA
Aayush;USA
Agastya;USA
Amadeus;USA
Aziz;USA
Bayron;USA
Colston;USA
Deanthony;USA
Deontae;USA
Dmitri;USA
Dyson;USA
Graydon;USA
Jaycen;USA
Jedediah;USA
Jeriah;USA
Kage;USA
Paulo;USA
Perseus;USA
Roscoe;USA
Treyvon;USA
Tye;USA
Tytan;USA
Aariz;USA
Abiel;USA
Ammon;USA
Aric;USA
Dallin;USA
Dyland;USA
Ignatius;USA
Jakoby;USA
Jareth;USA
Jennings;USA
Kaeson;USA
Keven;USA
Lake;USA
Landin;USA
Natan;USA
Paolo;USA
Selim;USA
Stuart;USA
Theodor;USA
Von;USA
Westen;USA
Aariv;USA
Abe;USA
Asaiah;USA
Asiel;USA
Braelyn;USA
Clarke;USA
Cy;USA
Deklyn;USA
Esdras;USA
Huntley;USA
Jaceion;USA
Jameer;USA
Jaziah;USA
Jibril;USA
Joseluis;USA
Kadence;USA
Montana;USA
Ozzy;USA
Remmy;USA
Stefano;USA
Viraaj;USA
Xavion;USA
Yechiel;USA
Abdallah;USA
Adonai;USA
Alpha;USA
Alston;USA
Ameen;USA
Aramis;USA
Avett;USA
Basil;USA
Blayze;USA
Brylan;USA
Caeden;USA
Daron;USA
Darrin;USA
Darsh;USA
Emile;USA
Faisal;USA
Genaro;USA
Gryffin;USA
Jasir;USA
Jawad;USA
Mahmoud;USA
Mendel;USA
Nevin;USA
Stockton;USA
Vedant;USA
Yasser;USA
Abbott;USA
Arlen;USA
Baxter;USA
Booker;USA
Cree;USA
Isreal;USA
Ivaan;USA
Izrael;USA
Jiraiya;USA
Jullian;USA
Lenin;USA
Martez;USA
Maxen;USA
Mazen;USA
Mykel;USA
Raylon;USA
Reggie;USA
Rhodes;USA
Riyan;USA
Sol;USA
Stiles;USA
Tai;USA
Tyren;USA
Zuriel;USA
Arie;USA
Avyaan;USA
Burke;USA
Cassidy;USA
Chasen;USA
Crue;USA
Elton;USA
Fabio;USA
Farhan;USA
Hampton;USA
Haroon;USA
Jaceyon;USA
Jeff;USA
Juanpablo;USA
Kit;USA
Koltyn;USA
Liev;USA
Matt;USA
Nahum;USA
Nivaan;USA
Ronny;USA
Simcha;USA
Travon;USA
Tyrion;USA
Zymir;USA
Arin;USA
Atom;USA
Bellamy;USA
Crawford;USA
Dietrich;USA
Dyllan;USA
Eben;USA
Edin;USA
Edson;USA
Franky;USA
Geovanny;USA
Haris;USA
Jaedyn;USA
Jovany;USA
Kam;USA
Karthik;USA
Kevon;USA
Kingsten;USA
Kodi;USA
Kris;USA
Loyal;USA
Makari;USA
Nathen;USA
Omarion;USA
Oswaldo;USA
Raziel;USA
Reef;USA
Reyes;USA
Ryne;USA
Shivansh;USA
Advaith;USA
Ahaan;USA
Avin;USA
Colden;USA
Deniz;USA
Dresden;USA
Finlay;USA
Holland;USA
Hosea;USA
Jaice;USA
Jaxin;USA
Kashmir;USA
Larkin;USA
Levy;USA
Lucky;USA
Mars;USA
Marshal;USA
Mckay;USA
Morrison;USA
Murad;USA
Octavian;USA
Robbie;USA
Romello;USA
Taiden;USA
Tamim;USA
Ted;USA
Tylen;USA
Zamari;USA
Aadi;USA
Augustin;USA
Bradlee;USA
Claude;USA
Coltin;USA
Corben;USA
Dave;USA
Domingo;USA
Eoin;USA
Eshaan;USA
Evans;USA
Ike;USA
Jomar;USA
Keiran;USA
Keshav;USA
Kidus;USA
Kollin;USA
Kreed;USA
Laurence;USA
Raghav;USA
Rashawn;USA
Roosevelt;USA
Salim;USA
Slater;USA
Tavin;USA
Yuri;USA
Alain;USA
Arya;USA
Breckin;USA
Camari;USA
Cylus;USA
Domenico;USA
Fahad;USA
Harlen;USA
Jade;USA
Jayveon;USA
Kaidan;USA
Kassius;USA
Kylon;USA
Mehki;USA
Neev;USA
Niles;USA
Rakan;USA
Robinson;USA
Thane;USA
Vander;USA
Yannick;USA
Abubakar;USA
Caine;USA
Daylon;USA
Deagan;USA
Desean;USA
Eivin;USA
Elio;USA
Eren;USA
Erwin;USA
Joell;USA
Johannes;USA
Kenyon;USA
Kerry;USA
Kyngston;USA
Laron;USA
Lisandro;USA
Mathieu;USA
Mervin;USA
Niall;USA
Sahir;USA
Shaquille;USA
Shulem;USA
Tracy;USA
Vikram;USA
Wilfredo;USA
Yohan;USA
Zade;USA
Aceson;USA
Akram;USA
Caelan;USA
Clement;USA
Dakoda;USA
Darrion;USA
Eian;USA
Gabe;USA
Haddon;USA
Haider;USA
Hawk;USA
Jamere;USA
Jordin;USA
Kal;USA
Kamal;USA
Kendell;USA
Knight;USA
Kolbe;USA
Kristofer;USA
Leviticus;USA
Lucious;USA
Macen;USA
Marques;USA
Maysen;USA
Mikail;USA
Naftali;USA
Olen;USA
Orrin;USA
Prestyn;USA
Price;USA
Rashid;USA
Rayshawn;USA
Riddick;USA
Riggins;USA
Steel;USA
Tarik;USA
Tavion;USA
Truth;USA
Wynn;USA
Yunus;USA
Aadyn;USA
Adryan;USA
Archibald;USA
Arley;USA
Binyamin;USA
Braven;USA
Coleton;USA
Cylas;USA
Eliah;USA
Eshan;USA
Ethyn;USA
Harun;USA
Jacion;USA
Jahleel;USA
Jayshawn;USA
Joao;USA
Kaizen;USA
Kamran;USA
Kaydin;USA
Kendric;USA
Kentrell;USA
Kwame;USA
Kyon;USA
Levin;USA
Marwan;USA
Nabil;USA
Naeem;USA
Natanael;USA
Nathanial;USA
Octavius;USA
Ori;USA
Pearson;USA
Sagan;USA
Sampson;USA
Shai;USA
Thompson;USA
Timber;USA
Timur;USA
Yusef;USA
Zaedyn;USA
Zakary;USA
Zaydan;USA
Alastair;USA
Alekzander;USA
Anirudh;USA
Artem;USA
Brad;USA
Braylan;USA
Dejuan;USA
Demir;USA
Demond;USA
Elwood;USA
Fateh;USA
Fritz;USA
Geno;USA
Gio;USA
Gotham;USA
Haziel;USA
Hero;USA
Jeancarlos;USA
Jonatan;USA
Kasper;USA
Kavion;USA
Linkoln;USA
Musab;USA
Mykah;USA
Neftali;USA
Oaklee;USA
Ravi;USA
Reeve;USA
Roen;USA
Sevyn;USA
Sir;USA
Terrion;USA
Tyron;USA
Vidal;USA
Abhay;USA
Akhil;USA
Aman;USA
Andersen;USA
Aslan;USA
Baylen;USA
Benji;USA
Bodi;USA
Brennon;USA
Charbel;USA
Darrian;USA
Devontae;USA
Emry;USA
Esai;USA
Favian;USA
Fenix;USA
Haden;USA
Harland;USA
Jahmari;USA
Jairus;USA
Javonte;USA
Kadin;USA
Kegan;USA
Kemari;USA
Kroy;USA
Lavon;USA
Layden;USA
Makhai;USA
Pete;USA
Shamir;USA
Surya;USA
Zamarion;USA
Zylen;USA
Abdias;USA
Adem;USA
Alen;USA
Antoni;USA
Arius;USA
Aurelius;USA
Christofer;USA
Drayton;USA
Esau;USA
Geronimo;USA
Hagan;USA
Hardy;USA
Haze;USA
Iver;USA
Javan;USA
Joah;USA
Jody;USA
Josiyah;USA
Keandre;USA
Keilan;USA
Lemuel;USA
Leobardo;USA
Manny;USA
Mika;USA
Nikolaos;USA
Quinlan;USA
Rasheed;USA
Reyan;USA
Romel;USA
Sai;USA
Sailor;USA
Saxon;USA
Shayaan;USA
Tarek;USA
Theophilus;USA
Vihan;USA
Ward;USA
Xavien;USA
Yerik;USA
Yug;USA
Amado;USA
Amon;USA
Armon;USA
Auron;USA
Aviel;USA
Boris;USA
Cainan;USA
Christos;USA
Collier;USA
Creighton;USA
Demian;USA
Deondre;USA
Eyan;USA
Ferris;USA
Jafet;USA
Jahdiel;USA
Jediah;USA
Kamdon;USA
Kamil;USA
Keion;USA
Khaleb;USA
Larson;USA
Lino;USA
Matheus;USA
Oakland;USA
Ozzie;USA
Rayland;USA
Ron;USA
Rustin;USA
Sherman;USA
Sydney;USA
Tahir;USA
Tory;USA
Treyton;USA
Whitaker;USA
Willard;USA
Baruch;USA
Bayne;USA
Bennie;USA
Berkley;USA
Bransen;USA
Bryston;USA
Cayde;USA
Daylin;USA
Eliab;USA
Hamzah;USA
Indigo;USA
Jadyn;USA
Jibreel;USA
Lexington;USA
Naveen;USA
Owyn;USA
Percy;USA
Raidyn;USA
Regan;USA
Riyansh;USA
Rodrick;USA
Rye;USA
Teague;USA
Unknown;USA
Usman;USA
Uziel;USA
Winter;USA
Ziggy;USA
Ziyad;USA
Ahron;USA
Amaan;USA
Axyl;USA
Banner;USA
Brison;USA
Chet;USA
Collins;USA
Demitri;USA
Devlin;USA
Dylon;USA
Elden;USA
Ellington;USA
Eugenio;USA
Graeson;USA
Jarred;USA
Jasen;USA
Javien;USA
Jaythan;USA
Jeriel;USA
Kacper;USA
Ladarius;USA
Leslie;USA
Liem;USA
Lou;USA
Mackson;USA
Maximilliano;USA
Monty;USA
Naim;USA
Rayaan;USA
Rider;USA
Riyaan;USA
Ronen;USA
Rony;USA
Rylin;USA
Shourya;USA
Thayer;USA
Vedansh;USA
Yadier;USA
Adyan;USA
Akshay;USA
Alphonse;USA
Athen;USA
Broden;USA
Cavan;USA
Cove;USA
Crimson;USA
Dakotah;USA
Damarcus;USA
Ethaniel;USA
Giovonni;USA
Iain;USA
Jamin;USA
Jermiah;USA
Kanyon;USA
Kaydence;USA
Kirby;USA
Kobi;USA
Kota;USA
Kyro;USA
Llewyn;USA
Majesty;USA
Mercer;USA
Mikhael;USA
Montrell;USA
Mylan;USA
Nahom;USA
Parth;USA
Ranveer;USA
Rebel;USA
Rihaan;USA
Saeed;USA
Sanjay;USA
Shmiel;USA
Stratton;USA
Sutter;USA
Taven;USA
Thang;USA
Torrance;USA
TRUE;USA
Truitt;USA
Tymir;USA
Uzziah;USA
Varun;USA
Virat;USA
Vivan;USA
Waylan;USA
Xayden;USA
Xion;USA
Yitzchak;USA
Zidane;USA
Agam;USA
Aleczander;USA
Anwar;USA
Arav;USA
Armoni;USA
Ashten;USA
Ashtin;USA
Ayson;USA
Bauer;USA
Blane;USA
Bowman;USA
Daksh;USA
Davonte;USA
Decklan;USA
Delano;USA
Dex;USA
Didier;USA
Eidan;USA
Eliazar;USA
Eligh;USA
Eloy;USA
Emari;USA
Gamaliel;USA
Garret;USA
Jabril;USA
Jarrod;USA
Jaxtyn;USA
Jayvien;USA
Jim;USA
Jory;USA
Kaidence;USA
Khyrie;USA
Krue;USA
Kruze;USA
Murray;USA
Neyland;USA
Perrin;USA
Rainer;USA
Renato;USA
Rhydian;USA
Roshan;USA
Saleem;USA
Shakur;USA
Slate;USA
Srihan;USA
Stanton;USA
Subhan;USA
Suleiman;USA
Sylvan;USA
Taim;USA
Weldon;USA
Wisdom;USA
Zaki;USA
Zavien;USA
Andrik;USA
Atharva;USA
Beauregard;USA
Brenner;USA
Cyril;USA
Denton;USA
Divine;USA
Donavin;USA
Edric;USA
Everson;USA
Evren;USA
Fulton;USA
Hershy;USA
Huxton;USA
Jacorey;USA
Jae;USA
Jaxten;USA
Joniel;USA
Jupiter;USA
Kanen;USA
Karmelo;USA
Kawhi;USA
Keyshawn;USA
Kiyon;USA
Kyaire;USA
Latrell;USA
Lazer;USA
Lipa;USA
Lowell;USA
Lyon;USA
Madison;USA
Mahki;USA
Mahlon;USA
Malachai;USA
Michelangelo;USA
Moussa;USA
Nasser;USA
Ram;USA
Rashard;USA
Rayne;USA
Reyaan;USA
Sholom;USA
Summit;USA
Yahia;USA
Zacarias;USA
Abimael;USA
Amaziah;USA
Anibal;USA
Armand;USA
Becket;USA
Bohdi;USA
Brylen;USA
Camdon;USA
Cedrick;USA
Conall;USA
Cornell;USA
Corwin;USA
Davien;USA
Dayne;USA
Declyn;USA
Deklin;USA
Demarius;USA
Dequan;USA
Dmari;USA
Dutch;USA
Ebenezer;USA
Edan;USA
Edgardo;USA
Erin;USA
Frederic;USA
Jahsiah;USA
Jameel;USA
Jarrell;USA
Jerrell;USA
Kais;USA
Kavon;USA
Kepler;USA
Khylan;USA
Lakota;USA
Leopoldo;USA
Lyncoln;USA
Mick;USA
Nazareth;USA
Nino;USA
Nyjah;USA
Oak;USA
Ragnar;USA
Rashaun;USA
Roran;USA
Ryken;USA
Talen;USA
Tyrin;USA
Usher;USA
Valentine;USA
Wayland;USA
Weslee;USA
Zacchaeus;USA
Zaeden;USA
Zyir;USA
Abdurrahman;USA
Aeson;USA
Ameir;USA
Avan;USA
Aveer;USA
Ayrton;USA
Daven;USA
Elder;USA
Fares;USA
Graceson;USA
Hershel;USA
Imari;USA
Jansen;USA
Jaren;USA
Jassiel;USA
Jathan;USA
Javari;USA
Jaymes;USA
Jayvin;USA
Jrue;USA
Kaimana;USA
Kaisyn;USA
Kaito;USA
Kaydan;USA
Kendal;USA
Kolin;USA
Krishiv;USA
Krystian;USA
Luqman;USA
Lyrik;USA
Maclin;USA
Maddon;USA
Marquan;USA
Marty;USA
Pavel;USA
Pryce;USA
Rakeem;USA
Raymon;USA
Renner;USA
Rhyker;USA
Romelo;USA
Rowyn;USA
Rusty;USA
Safwan;USA
Seeley;USA
Shelton;USA
Takoda;USA
Tejas;USA
Trysten;USA
Tyriq;USA
Vansh;USA
Walden;USA
Waleed;USA
Yovani;USA
Zaydin;USA
Able;USA
Acen;USA
Adel;USA
Adyn;USA
Aldair;USA
Arnulfo;USA
Auston;USA
Ayce;USA
Azai;USA
Benyamin;USA
Bill;USA
Boe;USA
Braysen;USA
Bricen;USA
Carlin;USA
Carlisle;USA
Cassiel;USA
Champ;USA
Coulson;USA
Cruze;USA
Daveon;USA
Dedrick;USA
Deen;USA
Dontrell;USA
Eduard;USA
Efraim;USA
Emerick;USA
Erickson;USA
Finneas;USA
Fitz;USA
Gaven;USA
Hisham;USA
Holdyn;USA
Ibrahima;USA
Isac;USA
Japheth;USA
Jarell;USA
Jashawn;USA
Johnluke;USA
Jonny;USA
Joseangel;USA
Karthikeya;USA
Kemper;USA
Kerem;USA
Keyan;USA
Khang;USA
Kullen;USA
Malcom;USA
Maleek;USA
Maliki;USA
Mattis;USA
Merlin;USA
Nael;USA
Parks;USA
Paxtyn;USA
Rahim;USA
Raven;USA
Rhythm;USA
Royalty;USA
Saud;USA
Sirius;USA
Tafari;USA
Tobiah;USA
Trenten;USA
Tyreek;USA
Yasiel;USA
Zach;USA
Zayyan;USA
Antione;USA
Arron;USA
Arsh;USA
Asad;USA
Asael;USA
Ayoub;USA
Ayven;USA
Braydan;USA
Braydin;USA
Buck;USA
Cage;USA
Caison;USA
Carlito;USA
Coda;USA
Copeland;USA
Daemon;USA
Dayson;USA
Donta;USA
Ekam;USA
Elie;USA
Enos;USA
Fausto;USA
Fermin;USA
Geovany;USA
Greg;USA
Hanson;USA
Hubert;USA
Jamier;USA
Jayceion;USA
Jerrick;USA
Justyn;USA
Kaan;USA
Kainan;USA
Kaynen;USA
Kerim;USA
Khalif;USA
Knoxx;USA
Koah;USA
Lashawn;USA
Layth;USA
Luigi;USA
Michaelangelo;USA
Mikko;USA
Muhsin;USA
Nihal;USA
Rashaad;USA
Scotty;USA
Sriyan;USA
Trae;USA
Trevin;USA
Xavior;USA
Yonathan;USA
Zidan;USA
Abir;USA
Amadou;USA
Aziah;USA
Braedon;USA
Christiano;USA
Cortland;USA
Courtland;USA
Cristhian;USA
Cutler;USA
Daelyn;USA
Daniyal;USA
Daren;USA
Darrien;USA
Delvin;USA
Dior;USA
Dusty;USA
Emre;USA
Esa;USA
Fallon;USA
Flavio;USA
Garrick;USA
Garry;USA
Izak;USA
Jaydyn;USA
Kamar;USA
Karlos;USA
Karmello;USA
Kevyn;USA
Kingstyn;USA
Kinnick;USA
Luiz;USA
Makoa;USA
Mateus;USA
Osias;USA
Pietro;USA
Princeston;USA
Quaid;USA
Rexton;USA
Rihan;USA
Roel;USA
Sachin;USA
Saharsh;USA
Shelby;USA
Shreyan;USA
Travion;USA
Trevion;USA
Tylor;USA
Viggo;USA
Wayde;USA
Wilbert;USA
Xzander;USA
Zaidan;USA
Aahan;USA
Aeden;USA
Akash;USA
Akshaj;USA
Amarii;USA
Ananias;USA
Angad;USA
Ascher;USA
Azlan;USA
Brando;USA
Chason;USA
Dakarai;USA
Darron;USA
Dino;USA
Donny;USA
Draco;USA
Ebrahim;USA
Edrick;USA
Fabrizio;USA
Farid;USA
Godric;USA
Halen;USA
Hansen;USA
Hawthorne;USA
Jamauri;USA
Jancarlos;USA
Javin;USA
Jidenna;USA
Kailen;USA
Kamrin;USA
Kaylen;USA
Kayvon;USA
Kharter;USA
Kolson;USA
Konstantin;USA
Korban;USA
Leevi;USA
Macario;USA
Mattox;USA
Maveric;USA
Mavrik;USA
Mouhamed;USA
Nosson;USA
Oswald;USA
Pace;USA
Pascal;USA
Prynce;USA
Quade;USA
Quran;USA
Randolph;USA
Rion;USA
Soham;USA
Sulayman;USA
Sven;USA
Tavon;USA
Tayvion;USA
Teigen;USA
Tiernan;USA
Trever;USA
Vann;USA
Whitman;USA
Williams;USA
Younis;USA
Ziad;USA
Zian;USA
Zylan;USA
Aaric;USA
Abriel;USA
Advait;USA
Ahyan;USA
Akai;USA
Arhaan;USA
Avyukth;USA
Binyomin;USA
Bladen;USA
Breccan;USA
Brekken;USA
Calan;USA
Cary;USA
Cayleb;USA
Chauncey;USA
Christ;USA
Demonte;USA
Doc;USA
Donavon;USA
Dontavious;USA
Essa;USA
Eyden;USA
Ferdinand;USA
Harlow;USA
Holton;USA
Humza;USA
Hutson;USA
Izael;USA
Jaymeson;USA
Jerald;USA
Jeyden;USA
Jowell;USA
Keyden;USA
Khayden;USA
Kimi;USA
Konstantinos;USA
Kordell;USA
Leveon;USA
Macsen;USA
Mael;USA
Maher;USA
Mehmet;USA
Montez;USA
Mosiah;USA
Nicklaus;USA
Qasim;USA
Quest;USA
Quin;USA
Reyden;USA
Rhylan;USA
Roque;USA
Rufus;USA
Stevie;USA
Theseus;USA
Tillman;USA
Tj;USA
Torian;USA
Trapper;USA
Tydus;USA
Tysen;USA
Urban;USA
Vinson;USA
Wilber;USA
Yamir;USA
Zaevion;USA
Zair;USA
Aaditya;USA
Aayansh;USA
Adil;USA
Alexei;USA
Amadeo;USA
Amor;USA
Arsen;USA
Ashley;USA
Aydenn;USA
Brannon;USA
Burhanuddin;USA
Cutter;USA
Daegan;USA
Dashel;USA
Dashiel;USA
Dawsyn;USA
Deaglan;USA
Dekker;USA
Diamond;USA
Eastin;USA
Eisa;USA
Elimelech;USA
Ezekial;USA
Fabricio;USA
Hatcher;USA
Ilias;USA
Jacolby;USA
Jahziel;USA
Jailen;USA
Jakson;USA
Jamon;USA
Janiel;USA
Janson;USA
Jasai;USA
Javeon;USA
Jevon;USA
Jhonny;USA
Jovon;USA
Kali;USA
Kameryn;USA
Kendon;USA
Kyland;USA
Landis;USA
Loukas;USA
Lukah;USA
Lynden;USA
Marquel;USA
Maxximus;USA
Mecca;USA
Mendy;USA
Nazar;USA
Nolyn;USA
Oaklen;USA
Paxson;USA
Prescott;USA
Ramir;USA
Reuven;USA
Reymundo;USA
Rigel;USA
Rudolph;USA
Sohan;USA
Tayson;USA
Yamil;USA
Yuvin;USA
Zak;USA
Abubakr;USA
Adair;USA
Adham;USA
Adon;USA
Ajani;USA
Ajax;USA
Amaury;USA
Anand;USA
Azari;USA
Baltazar;USA
Bret;USA
Brylon;USA
Cameryn;USA
Carrick;USA
Caydon;USA
Claudio;USA
Dalen;USA
Daxten;USA
Demetrio;USA
Dexton;USA
Dru;USA
Eamonn;USA
Emin;USA
Geovani;USA
Giuliano;USA
Hadley;USA
Hadrian;USA
Hasani;USA
Ikaika;USA
Ishaq;USA
Jaasiel;USA
Jaeger;USA
Jakayden;USA
Jarren;USA
Jatniel;USA
Jeffry;USA
Jhase;USA
Joesiah;USA
Josemanuel;USA
Kalin;USA
Keniel;USA
Khristopher;USA
Koy;USA
Kree;USA
Lael;USA
Lamarion;USA
Lamonte;USA
Lleyton;USA
Luan;USA
Lux;USA
Meshilem;USA
Mihir;USA
Miko;USA
Naftuli;USA
Nakai;USA
Nicholai;USA
Noor;USA
Omri;USA
Raylin;USA
Redding;USA
Ridwan;USA
Ryett;USA
Ryver;USA
Saige;USA
Saylor;USA
Shaw;USA
Shloimy;USA
Stryder;USA
Sudais;USA
Taron;USA
Taylon;USA
Taym;USA
Teigan;USA
Tennyson;USA
Timmy;USA
Torrence;USA
Treyden;USA
Tuff;USA
Tyus;USA
Whitley;USA
Wilfred;USA
Ziyon;USA
Abdulmalik;USA
Adael;USA
Adhrit;USA
Aking;USA
Armen;USA
Blade;USA
Blayden;USA
Bowden;USA
Brendyn;USA
Cadyn;USA
Caidyn;USA
Cali;USA
Carmen;USA
Ceasar;USA
Darrick;USA
Deron;USA
Devaughn;USA
Dillion;USA
Etienne;USA
Ezana;USA
Eziah;USA
Fenton;USA
Freeman;USA
Galen;USA
Gil;USA
Harlin;USA
Jaeceon;USA
Jaelyn;USA
Jamichael;USA
Jedi;USA
Jeter;USA
Jun;USA
Kalib;USA
Karlo;USA
Kaulder;USA
Kelan;USA
Kendrix;USA
Kiernan;USA
Kiptyn;USA
Kolter;USA
Lamarcus;USA
Laquan;USA
Lawton;USA
Lowen;USA
Lyan;USA
Macon;USA
Matix;USA
Nadav;USA
Nevan;USA
Nicco;USA
Novah;USA
Oryan;USA
Ousmane;USA
Pinchas;USA
Rajveer;USA
Rakim;USA
Rayhan;USA
Rishik;USA
Sahib;USA
Samual;USA
Severus;USA
Shraga;USA
Shrey;USA
Shreyas;USA
Stewart;USA
Suhaib;USA
Talin;USA
Tanay;USA
Taran;USA
Taylan;USA
Teodoro;USA
Tyquan;USA
Valente;USA
Vinny;USA
Welles;USA
Wellington;USA
Zedekiah;USA
Aaren;USA
Aarin;USA
Aero;USA
Aiven;USA
Alfonzo;USA
Alon;USA
Alphonso;USA
Aquiles;USA
Aristotle;USA
Ashby;USA
Bashir;USA
Bensen;USA
Bodee;USA
Braddock;USA
Brewer;USA
Brier;USA
Britain;USA
Callaway;USA
Captain;USA
Chosen;USA
Cloud;USA
Curren;USA
Dana;USA
Daniil;USA
Davidson;USA
Daxtyn;USA
Deante;USA
Denny;USA
Devonta;USA
Domonic;USA
Donato;USA
Drayson;USA
Dreyden;USA
Easten;USA
Emran;USA
Esaias;USA
Espen;USA
Ezrael;USA
Ezriel;USA
Gavino;USA
Graycen;USA
Jaciel;USA
Jamieson;USA
Jaquez;USA
Jin;USA
Jovian;USA
Jru;USA
Kacey;USA
Kaileb;USA
Keigan;USA
Kelby;USA
Khyler;USA
Kimani;USA
Kyser;USA
Laiken;USA
Leelan;USA
Lucah;USA
Maksym;USA
Martell;USA
Mattix;USA
Maxime;USA
Miking;USA
Mina;USA
Mithran;USA
Moksh;USA
Neko;USA
Nikoli;USA
Nirvan;USA
Omega;USA
Pearce;USA
Rain;USA
Rock;USA
Rylie;USA
Sabir;USA
Samy;USA
Shreyansh;USA
Tevita;USA
Waseem;USA
Wrigley;USA
Wynston;USA
Zaxton;USA
Abisai;USA
Advay;USA
Amire;USA
Arjen;USA
Asim;USA
Audric;USA
Aviv;USA
Brave;USA
Brax;USA
Caedmon;USA
Caisen;USA
Chael;USA
Copper;USA
Danial;USA
Davontae;USA
Dez;USA
Dimitrios;USA
Dmitry;USA
Dylen;USA
Erich;USA
Gaspar;USA
Gaston;USA
Geremiah;USA
Gibran;USA
Haakon;USA
Hari;USA
Haydn;USA
Henderson;USA
Huey;USA
Idrees;USA
Jacky;USA
Jacori;USA
Jakaiden;USA
Jakhari;USA
Jameir;USA
Jaxtin;USA
Jayan;USA
Jayren;USA
Jerrod;USA
Jerson;USA
Jess;USA
Jireh;USA
Joab;USA
Jotham;USA
Judge;USA
Kadeem;USA
Kalil;USA
Kato;USA
Kei;USA
Kelson;USA
Keyton;USA
Kingdom;USA
Koltin;USA
Laine;USA
Loic;USA
Mekhai;USA
Mikai;USA
Mohamedamin;USA
Odell;USA
Olyver;USA
Opie;USA
Rainier;USA
Rayvon;USA
Rhyan;USA
Rook;USA
Sander;USA
Selvin;USA
Seneca;USA
Shemar;USA
Syler;USA
Talmage;USA
Thayne;USA
Tommie;USA
Toryn;USA
Uriyah;USA
Vyom;USA
Walt;USA
Wolfe;USA
Yan;USA
Yeshaya;USA
Zakariah;USA
Abdoulaye;USA
Affan;USA
Akil;USA
Aldin;USA
Alias;USA
Amaru;USA
Amer;USA
Andrick;USA
Azazel;USA
Bensyn;USA
Bladimir;USA
Boruch;USA
Braidyn;USA
Brandyn;USA
Brantly;USA
Breon;USA
Bryon;USA
Cashmere;USA
Casimir;USA
Cass;USA
Castor;USA
Chapman;USA
Christan;USA
Damen;USA
Darell;USA
Daxx;USA
Deonta;USA
Dhruva;USA
Eddison;USA
Eh;USA
Emmerson;USA
Everhett;USA
Exavier;USA
Fionn;USA
Gaines;USA
Griffen;USA
Henson;USA
Hillel;USA
Ihsan;USA
Ioannis;USA
Izaya;USA
Jadarius;USA
Jaheem;USA
Jamarri;USA
Januel;USA
Jayton;USA
Jebediah;USA
Jetson;USA
Jeziah;USA
Jr;USA
Kanoa;USA
Kartier;USA
Kodah;USA
Krithik;USA
Lebron;USA
Leiland;USA
Lyfe;USA
Makana;USA
Marshaun;USA
Maximino;USA
Mazin;USA
Md;USA
Minh;USA
Navy;USA
Nayan;USA
Niccolo;USA
Nicolo;USA
Omere;USA
Quenton;USA
Raider;USA
Renly;USA
Reza;USA
Ritchie;USA
Rithvik;USA
Ronnell;USA
Royale;USA
Ryen;USA
Salah;USA
Santhiago;USA
Shivam;USA
Sidharth;USA
Tadhg;USA
Tallon;USA
Tayton;USA
Tylin;USA
Tyshaun;USA
Vishnu;USA
Walton;USA
Whit;USA
Yossi;USA
Zacharia;USA
Zeyad;USA
Aadhav;USA
Aleksandar;USA
Amaris;USA
Arath;USA
Arjan;USA
Artemis;USA
Audie;USA
Avik;USA
Ayomide;USA
Barret;USA
Bohdan;USA
Breyden;USA
Brodi;USA
Buddy;USA
Casyn;USA
Chidubem;USA
Colm;USA
Corvin;USA
Creek;USA
Cross;USA
Cyncere;USA
Damonte;USA
Dani;USA
Darvin;USA
Dayron;USA
Deckard;USA
Deric;USA
Dionte;USA
Domani;USA
Donatello;USA
Ernie;USA
Escher;USA
Evaan;USA
Gabino;USA
Gautham;USA
Gershon;USA
Grahm;USA
Gustav;USA
Haidyn;USA
Hakim;USA
Henryk;USA
Herschel;USA
Hogan;USA
Hudsen;USA
Iman;USA
Izik;USA
Jaedon;USA
Jahiem;USA
Jaidon;USA
Jakeem;USA
Jamarian;USA
Jamarius;USA
Jarod;USA
Jaykob;USA
Jaylyn;USA
Joesph;USA
Jossiah;USA
Jourdan;USA
Juwan;USA
Kalem;USA
Kameren;USA
Karver;USA
Kc;USA
Keylan;USA
Khaleel;USA
Koji;USA
Kori;USA
Kutter;USA
Kyion;USA
Laramie;USA
Laszlo;USA
Lelan;USA
Lochlann;USA
Mackenzie;USA
Mahad;USA
Manning;USA
Mannix;USA
Mikal;USA
Mikey;USA
Muhamed;USA
Nakoa;USA
Novak;USA
Padraig;USA
Parsa;USA
Reyaansh;USA
Rivaan;USA
Robby;USA
Rondell;USA
Ryler;USA
Saxton;USA
Servando;USA
Sharif;USA
Shaul;USA
Shriyan;USA
Silvio;USA
Tilden;USA
Ubaldo;USA
Umair;USA
Yafet;USA
Yaniel;USA
Adian;USA
Ahmet;USA
Alexey;USA
An;USA
Ariyan;USA
Ashar;USA
Azarias;USA
Benzion;USA
Boubacar;USA
Braxon;USA
Braxtin;USA
Braycen;USA
Can;USA
Canton;USA
Champion;USA
Cheskel;USA
Chesky;USA
Christen;USA
Corin;USA
Daryn;USA
Deakon;USA
Delmar;USA
Demitrius;USA
Derian;USA
Derik;USA
Deshun;USA
Dolan;USA
Dontay;USA
Eliaz;USA
Eliyah;USA
Enoc;USA
Enrico;USA
Geremy;USA
Gohan;USA
Haniel;USA
Harbor;USA
Harmon;USA
Huckleberry;USA
Ilya;USA
Indy;USA
Isacc;USA
Ivory;USA
Jancarlo;USA
Jasson;USA
Jaxiel;USA
Jeremie;USA
Jessy;USA
Johndavid;USA
Johnmichael;USA
Justyce;USA
Kailer;USA
Kamauri;USA
Kaven;USA
Keane;USA
Kemarion;USA
Kingslee;USA
Kohl;USA
Koi;USA
Kristoff;USA
Kylian;USA
Kyrian;USA
Leandre;USA
Leeam;USA
Leonid;USA
Leviathan;USA
Lior;USA
Lysander;USA
Maddax;USA
Malique;USA
Marciano;USA
Mehdi;USA
Mubarak;USA
Munir;USA
Nadir;USA
Nana;USA
Nawaf;USA
Naythan;USA
Nnamdi;USA
Nylan;USA
Odyn;USA
Odysseus;USA
Othniel;USA
Oz;USA
Paden;USA
Pascual;USA
Payden;USA
Poseidon;USA
Rahmir;USA
Rayce;USA
Rigo;USA
Rishabh;USA
Rishan;USA
Sanad;USA
Satvik;USA
Scottie;USA
Shan;USA
Siraj;USA
Talha;USA
Talyn;USA
Tavian;USA
Tiger;USA
Trayson;USA
Tremayne;USA
Tryston;USA
Tyran;USA
Vian;USA
Vladislav;USA
Walid;USA
Xane;USA
Yaqub;USA
Yeray;USA
Yunis;USA
Yusif;USA
Zaylin;USA
Zekiel;USA
Aarnav;USA
Abrahm;USA
Aedyn;USA
Aldon;USA
Alexsander;USA
Alfie;USA
Amador;USA
Ashvik;USA
Augusto;USA
Avenir;USA
Avinash;USA
Axell;USA
Ayyub;USA
Bradly;USA
Bransyn;USA
Braylyn;USA
Caliber;USA
Calix;USA
Carrington;USA
Clemente;USA
Cort;USA
Dael;USA
Dajuan;USA
Damarius;USA
Dameon;USA
Danthony;USA
Dany;USA
Dartagnan;USA
Dayvon;USA
Dejon;USA
Devion;USA
Dhyan;USA
Domenick;USA
Eero;USA
Elija;USA
Eliud;USA
Findley;USA
Fintan;USA
Gaetano;USA
Garen;USA
Garren;USA
Giacomo;USA
Gracin;USA
Graison;USA
Hashem;USA
Hilario;USA
Homero;USA
Iann;USA
Ilijah;USA
Isak;USA
Jacinto;USA
Jajuan;USA
Jayme;USA
Jayon;USA
Jeyson;USA
Jj;USA
Juliano;USA
Kaeleb;USA
Kallan;USA
Kamani;USA
Kipp;USA
Kirin;USA
Klaus;USA
Kodiak;USA
Kross;USA
Kyllian;USA
Londyn;USA
Manasseh;USA
Maxemiliano;USA
Mesiah;USA
Miracle;USA
Nabeel;USA
Nam;USA
Natnael;USA
Nicodemus;USA
Nirvaan;USA
Norberto;USA
Nyles;USA
Ousman;USA
Phinehas;USA
Quintus;USA
Reno;USA
Ripley;USA
Robel;USA
Roczen;USA
Romell;USA
Sasha;USA
Saw;USA
Shlome;USA
Stevan;USA
Styles;USA
Talal;USA
Tavaris;USA
Teodor;USA
Terell;USA
Uri;USA
Vlad;USA
Willy;USA
Wylee;USA
Yamen;USA
Yanis;USA
Yareth;USA
Zackariah;USA
Zahmir;USA
Zaydon;USA
Zayvier;USA
Zeno;USA
Zohan;USA
Abdulahi;USA
Abrahim;USA
Adarius;USA
Adrain;USA
Alanzo;USA
Alexandros;USA
Alexi;USA
Arlan;USA
Avant;USA
Avram;USA
Avrum;USA
Avyukt;USA
Aydon;USA
Bakari;USA
Becker;USA
Benjamen;USA
Brailyn;USA
Bruin;USA
Burton;USA
Cache;USA
Caelum;USA
Cayne;USA
Celso;USA
Corinthian;USA
Cristo;USA
Dasean;USA
Dawud;USA
Daymian;USA
Dayvion;USA
Derrell;USA
Dimas;USA
Elijiah;USA
Enmanuel;USA
Erasmo;USA
Errol;USA
Eythan;USA
Findlay;USA
Finian;USA
Giancarlos;USA
Gryphon;USA
Halo;USA
Hamdan;USA
Hashir;USA
Haydon;USA
Imani;USA
Iram;USA
Jamire;USA
Jassiah;USA
Javontae;USA
Jerick;USA
Josiel;USA
Kashius;USA
Kavish;USA
Kayan;USA
Kayde;USA
Kirill;USA
Kyrell;USA
Lamir;USA
Lavell;USA
Leeroy;USA
Lucus;USA
Macoy;USA
Maeson;USA
Markos;USA
Mikaeel;USA
Mitchel;USA
Muad;USA
Myers;USA
Nason;USA
Nayel;USA
Neiko;USA
Niklas;USA
Octavious;USA
Reeves;USA
Remmington;USA
Rodger;USA
Rolan;USA
Romero;USA
Rumi;USA
Sadiq;USA
Sammuel;USA
Sandro;USA
Schuyler;USA
Siddhartha;USA
Sriram;USA
Tayvon;USA
Tej;USA
Toren;USA
Trentin;USA
Tyjuan;USA
Vasilios;USA
Vincente;USA
Vinh;USA
Whittaker;USA
Zahid;USA
Zayaan;USA
Zeb;USA
Zein;USA
Zlatan;USA
Zymere;USA
Ahnaf;USA
Akira;USA
Aleister;USA
Amay;USA
Amory;USA
Antonino;USA
Artin;USA
Blessing;USA
Bosco;USA
Brix;USA
Cainen;USA
Camrin;USA
Carey;USA
Christon;USA
Cincere;USA
Cord;USA
Coulter;USA
Cuyler;USA
Delon;USA
Demani;USA
Denali;USA
Derrek;USA
Dirk;USA
Dodge;USA
Dustyn;USA
Dylann;USA
Earnest;USA
Ehan;USA
Elim;USA
Elroy;USA
Emmerich;USA
Erion;USA
Exodus;USA
Heber;USA
Hersh;USA
Hesston;USA
Hilton;USA
Homer;USA
Hutch;USA
Irie;USA
Jabez;USA
Jabriel;USA
Jaison;USA
Jayko;USA
Jeanluc;USA
Jens;USA
Jeremyah;USA
Joelle;USA
Johny;USA
Jorel;USA
Josyah;USA
Justis;USA
Kaelan;USA
Kaige;USA
Kalan;USA
Karston;USA
Kashmere;USA
Kayceon;USA
Keagen;USA
Kejuan;USA
Khiry;USA
Kingstin;USA
Lennix;USA
Linkyn;USA
Lucciano;USA
Lukus;USA
Majd;USA
Malachy;USA
Maven;USA
Maximillion;USA
Maynor;USA
Mikell;USA
Miloh;USA
Muhammadali;USA
Mustapha;USA
Myka;USA
Negan;USA
Neythan;USA
Nickolai;USA
Oumar;USA
Pau;USA
Qais;USA
Ramone;USA
Randal;USA
Rehaan;USA
Rhylee;USA
Richmond;USA
Rigby;USA
Rj;USA
Rohen;USA
Rorik;USA
Saatvik;USA
Sajid;USA
Sammie;USA
Sanders;USA
Sayed;USA
Sekou;USA
Shamus;USA
Shayden;USA
Shivaan;USA
Sione;USA
Sora;USA
Stacy;USA
Syaire;USA
Tanush;USA
Taysom;USA
Tayven;USA
Teagen;USA
Tennessee;USA
Thien;USA
Torey;USA
Torsten;USA
Tyden;USA
Tylon;USA
Viyaan;USA
Waylin;USA
Wilbur;USA
Wilhelm;USA
Wyland;USA
Yahshua;USA
Yohannes;USA
Zalmen;USA
Zayde;USA
Zebulon;USA
Zubair;USA
Aadit;USA
Abdoul;USA
Adarsh;USA
Adonnis;USA
Advith;USA
Ahren;USA
Aidric;USA
Aleksey;USA
Aly;USA
Amaree;USA
Amil;USA
Artemio;USA
Athanasios;USA
Blas;USA
Blue;USA
Bogdan;USA
Calin;USA
Cameran;USA
Cameren;USA
Carlyle;USA
Cashel;USA
Cavin;USA
Chaise;USA
Ciel;USA
Cleveland;USA
Colsen;USA
Cyler;USA
Dajon;USA
Damario;USA
Darey;USA
Daris;USA
Dashaun;USA
Decklin;USA
Demoni;USA
Derrion;USA
Deshon;USA
Drayven;USA
Eeshan;USA
Eldin;USA
Elnathan;USA
Emeric;USA
Eoghan;USA
Everitt;USA
Eydan;USA
Finnlee;USA
Franklyn;USA
Gaius;USA
Garett;USA
Gennaro;USA
Geo;USA
Giovany;USA
Griffyn;USA
Halston;USA
Hamad;USA
Hazael;USA
Heinrich;USA
Horace;USA
Hudsyn;USA
Isayah;USA
Ismaeel;USA
Jacory;USA
Jaecion;USA
Jager;USA
Jahsir;USA
Jaise;USA
Jasiyah;USA
Javi;USA
Jeb;USA
Jerron;USA
Jian;USA
Juaquin;USA
Judas;USA
Kaladin;USA
Kayin;USA
Kaysan;USA
Kean;USA
Kedrick;USA
Keiden;USA
Kendyn;USA
Kenyan;USA
Keondre;USA
Keston;USA
Khylen;USA
Kingdavid;USA
Kinsler;USA
Kortez;USA
Krishav;USA
Ky;USA
Lakai;USA
Lavelle;USA
Madhav;USA
Madoc;USA
Malakhai;USA
Marlow;USA
Masai;USA
Massimiliano;USA
Matai;USA
Muadh;USA
Najee;USA
Narek;USA
Navid;USA
Neithan;USA
Nikolaus;USA
Olliver;USA
Oran;USA
Oziah;USA
Paxon;USA
Phenix;USA
Quill;USA
Quincey;USA
Rahman;USA
Raj;USA
Rashed;USA
Rayansh;USA
Rocket;USA
Rosendo;USA
Rylon;USA
Sahas;USA
Savon;USA
Sheppard;USA
Shrihan;USA
Suhayb;USA
Tabias;USA
Taggart;USA
Talib;USA
Tallen;USA
Terran;USA
Timofey;USA
Trayvion;USA
Trigg;USA
Vedh;USA
Vittorio;USA
Woodson;USA
Xaiver;USA
Yahel;USA
Yaser;USA
Zacari;USA
Zadok;USA
Zadyn;USA
Zakhi;USA
Zakir;USA
Zamar;USA
Zealand;USA
Abdimalik;USA
Adalberto;USA
Adrik;USA
Akari;USA
Alasdair;USA
Alyaan;USA
Amanuel;USA
Amier;USA
Amilio;USA
Amiri;USA
Amogh;USA
Amr;USA
Andrae;USA
Andrez;USA
Angello;USA
Antwone;USA
Aran;USA
Arshan;USA
Aycen;USA
Azir;USA
Banyan;USA
Berl;USA
Bodey;USA
Braedan;USA
Brahm;USA
Braydyn;USA
Brazos;USA
Brodee;USA
Brodey;USA
Cannan;USA
Cardell;USA
Cecilio;USA
Dade;USA
Daelan;USA
Dalvin;USA
Darrel;USA
Dathan;USA
Devesh;USA
Dierks;USA
Egan;USA
Elazar;USA
Elihu;USA
Ember;USA
Emitt;USA
Euan;USA
Future;USA
Garland;USA
Garner;USA
Helios;USA
Horacio;USA
Huzaifa;USA
Idan;USA
Iden;USA
Izaan;USA
Jacquees;USA
Jaevion;USA
Jahan;USA
Jaivion;USA
Jakori;USA
Jalon;USA
Jamaree;USA
Jarett;USA
Jc;USA
Jd;USA
Jehu;USA
Jeison;USA
Jeremi;USA
Johandry;USA
Joud;USA
Kaion;USA
Kamir;USA
Karder;USA
Kasim;USA
Kastiel;USA
Kaz;USA
Kendry;USA
Kenley;USA
Kenner;USA
Kento;USA
Kessler;USA
Khaiden;USA
Khaliq;USA
Kinan;USA
Kizer;USA
Kofi;USA
Kolston;USA
Kush;USA
Kymari;USA
Lamari;USA
Lavern;USA
Layken;USA
Leam;USA
Lestat;USA
Lindon;USA
Linkon;USA
Loghan;USA
Louden;USA
Makel;USA
Maks;USA
Martavious;USA
Marvens;USA
Mazi;USA
Mckoy;USA
Mehtab;USA
Merek;USA
Michal;USA
Mills;USA
Moishe;USA
Namir;USA
Nery;USA
Panagiotis;USA
Phoenyx;USA
Redmond;USA
Rueben;USA
Ruhan;USA
Saathvik;USA
Samari;USA
Sathvik;USA
Saulo;USA
Shamari;USA
Sharbel;USA
Sheamus;USA
Siddhant;USA
Silvestre;USA
Slayton;USA
Sohum;USA
Taft;USA
Tameem;USA
Taylin;USA
Terron;USA
Timoteo;USA
Torrin;USA
Tramaine;USA
Trentyn;USA
Treshawn;USA
Tuck;USA
Tyrek;USA
Vir;USA
Viyan;USA
Waris;USA
Wesam;USA
Willian;USA
Xzavion;USA
Yadriel;USA
Yeison;USA
Yonah;USA
Younes;USA
Yulian;USA
Zarek;USA
Zaven;USA
Aakash;USA
Aarish;USA
Aasim;USA
Abdelrahman;USA
Adi;USA
Aleks;USA
Alika;USA
Alp;USA
Alyan;USA
Andi;USA
Arick;USA
Arnoldo;USA
Arun;USA
Ashur;USA
Azan;USA
Azzam;USA
Bayler;USA
Belal;USA
Bernie;USA
Blain;USA
Bray;USA
Calloway;USA
Charlee;USA
Charly;USA
Cheikh;USA
Ciro;USA
Cobe;USA
Coltan;USA
Conlan;USA
Cosmo;USA
Darryn;USA
Delbert;USA
Delonte;USA
Delton;USA
Demetrios;USA
Derin;USA
Desi;USA
Dhilan;USA
Diago;USA
Dj;USA
Dmarion;USA
Edvin;USA
Elbert;USA
Elgin;USA
Esiah;USA
Evangelos;USA
Ezariah;USA
Falcon;USA
Firas;USA
Franko;USA
Galvin;USA
Gautam;USA
Gerrit;USA
Gianfranco;USA
Gurfateh;USA
Hamid;USA
Hawken;USA
Heru;USA
Hridaan;USA
Iam;USA
Itai;USA
Itzael;USA
Izzy;USA
Jacek;USA
Jaelen;USA
Jaivon;USA
Jameis;USA
Janoah;USA
Jaydee;USA
Jaymar;USA
Jhon;USA
Jiovanny;USA
Julen;USA
Jusiah;USA
Kadir;USA
Kaleem;USA
Kamsiyochukwu;USA
Kannen;USA
Kaston;USA
Kaysin;USA
Kenrick;USA
Khoi;USA
Khyri;USA
Khyson;USA
Kiefer;USA
Kien;USA
Kolden;USA
Kristoffer;USA
Lamarr;USA
Larenzo;USA
Liban;USA
Lynkin;USA
Maaz;USA
Malick;USA
Matan;USA
Matthieu;USA
Micael;USA
Mychael;USA
Myer;USA
Nachman;USA
Naji;USA
Nazario;USA
Niels;USA
Nilan;USA
Nils;USA
Noach;USA
Noland;USA
Oisin;USA
Ojas;USA
Ole;USA
Oluwademilade;USA
Ostin;USA
Parrish;USA
Pasquale;USA
Paulino;USA
Pinchus;USA
Prayan;USA
Rai;USA
Ramel;USA
Ramzi;USA
Rand;USA
Rhyland;USA
Riggin;USA
Rudransh;USA
Ryaan;USA
Sacha;USA
Saifan;USA
Saketh;USA
Santo;USA
Sorin;USA
Sparsh;USA
Stirling;USA
Sully;USA
Syon;USA
Tabor;USA
Tarun;USA
Tashawn;USA
Taten;USA
Tavares;USA
Tayveon;USA
Theoden;USA
Tracen;USA
Treston;USA
Trinidad;USA
Ulices;USA
Uzziel;USA
Vedanth;USA
Wesly;USA
Zadrian;USA
Zaeem;USA
Zaydrian;USA
Zaydyn;USA
Zayveon;USA
Zayvian;USA
Ziaire;USA
Abdifatah;USA
Abrahan;USA
Abran;USA
Abrian;USA
Adonay;USA
Ahad;USA
Akim;USA
Alakai;USA
Alexandru;USA
Alim;USA
Alyas;USA
Amarian;USA
Amilcar;USA
Amjad;USA
Amore;USA
Aras;USA
Arda;USA
Avir;USA
Avyn;USA
Awab;USA
Aydrian;USA
Bawi;USA
Bearett;USA
Blakely;USA
Blayke;USA
Broly;USA
Brylin;USA
Camarion;USA
Caston;USA
Cayman;USA
Codey;USA
Coty;USA
Creedence;USA
Crosley;USA
Cyan;USA
Dakhari;USA
Davey;USA
Dawit;USA
Daxtin;USA
Dayan;USA
Demar;USA
Demauri;USA
Dillinger;USA
Divit;USA
Donovin;USA
Draiden;USA
Dre;USA
Dreshawn;USA
Ediel;USA
Elia;USA
Eliyas;USA
Emet;USA
Ericson;USA
Faustino;USA
Franz;USA
Gabriele;USA
Galileo;USA
Georgio;USA
Gerry;USA
Gianmarco;USA
Hale;USA
Hani;USA
Haroun;USA
Isley;USA
Iziah;USA
Jacquez;USA
Jarel;USA
Jarius;USA
Jaxsin;USA
Jayquan;USA
Jensyn;USA
Jerell;USA
Jiovani;USA
Joachim;USA
Jobe;USA
Johnhenry;USA
Jordany;USA
Jozef;USA
Kaelen;USA
Kahari;USA
Kaicen;USA
Kannan;USA
Kasin;USA
Kavi;USA
Kaylan;USA
Keean;USA
Kennon;USA
Kenson;USA
Keshaun;USA
Khairi;USA
Khylin;USA
Khyren;USA
Kiyaan;USA
Kobie;USA
Kyre;USA
Lando;USA
Lexton;USA
Lord;USA
Luken;USA
Madix;USA
Manu;USA
Marvel;USA
Merik;USA
Michel;USA
Muaz;USA
Nainoa;USA
Naman;USA
Naod;USA
Nas;USA
Netanel;USA
Nicola;USA
Nikos;USA
Nivin;USA
Nuri;USA
Olan;USA
Olsen;USA
Oluwatobi;USA
Oluwatobiloba;USA
Otoniel;USA
Pacey;USA
Peace;USA
Pharoah;USA
Pinchos;USA
Praise;USA
Quadir;USA
Rajon;USA
Rashaud;USA
Reis;USA
Rohaan;USA
Rommel;USA
Roper;USA
Ruslan;USA
Russel;USA
Santonio;USA
Shiven;USA
Shneur;USA
Shravan;USA
Skylan;USA
Strider;USA
Suleyman;USA
Taeden;USA
Tavish;USA
Tayler;USA
Thaddaeus;USA
Thelonious;USA
Thoren;USA
Torrey;USA
Tyberius;USA
Tycen;USA
Tylar;USA
Tyre;USA
Vic;USA
Viraat;USA
Wheeler;USA
Whitten;USA
Yahye;USA
Yohandry;USA
Yoseph;USA
Yoshua;USA
Zakariyya;USA
Zalen;USA
Zaylon;USA
Zebediah;USA
Zebulun;USA
Zeek;USA
Zeth;USA
Zyier;USA
Aadhvik;USA
Abdel;USA
Abdurahman;USA
Abishai;USA
Aceyn;USA
Aeron;USA
Aiken;USA
Aleksei;USA
Amaar;USA
Ami;USA
Andree;USA
Aneesh;USA
Anh;USA
Anjel;USA
Anuel;USA
Anuj;USA
Arlow;USA
Aryav;USA
Askari;USA
Avigdor;USA
Avry;USA
Aymen;USA
Baine;USA
Barack;USA
Bassam;USA
Boy;USA
Brandan;USA
Brevin;USA
Britt;USA
Carlson;USA
Carnell;USA
Caron;USA
Cashius;USA
Caspar;USA
Cassian;USA
Chantz;USA
Chasin;USA
Chazz;USA
Christain;USA
Cj;USA
Cleo;USA
Cliff;USA
Cobi;USA
Codi;USA
Colman;USA
Crixus;USA
Cruzito;USA
Danniel;USA
Dason;USA
Dawsen;USA
Dinero;USA
Dontez;USA
Eathan;USA
Elric;USA
Elya;USA
Emad;USA
Fahd;USA
Faizan;USA
Fergus;USA
Ghassan;USA
Graden;USA
Gram;USA
Gunther;USA
Habib;USA
Han;USA
Hayze;USA
Hendricks;USA
Henrick;USA
Hercules;USA
Hunner;USA
Hutton;USA
Jacarri;USA
Jacksen;USA
Jaece;USA
Jafar;USA
Jahi;USA
Jahki;USA
Jahmere;USA
Jalal;USA
Jamey;USA
Jamisen;USA
Javaris;USA
Jaydeen;USA
Jayshon;USA
Jceon;USA
Jeevan;USA
Jese;USA
Jettson;USA
Jevin;USA
Jihad;USA
Joaquim;USA
Joash;USA
Josemiguel;USA
Joshuah;USA
Josmar;USA
Juandiego;USA
Juel;USA
Kadon;USA
Kaesyn;USA
Kalman;USA
Kameran;USA
Karol;USA
Kashtyn;USA
Kden;USA
Keeton;USA
Kemani;USA
Kemar;USA
Kemet;USA
Keyvon;USA
Kona;USA
Kylor;USA
Layson;USA
Legion;USA
Lemar;USA
Levii;USA
Leyland;USA
Loyalty;USA
Mahkai;USA
Makar;USA
Manav;USA
Mansa;USA
Marcial;USA
Marlowe;USA
Mase;USA
Mattew;USA
Mattia;USA
Meshach;USA
Miron;USA
Mohid;USA
Mohsin;USA
Mostafa;USA
Moxon;USA
Mubashir;USA
Naithan;USA
Naseem;USA
Nassir;USA
Navin;USA
Nomar;USA
Olamide;USA
Orlin;USA
Oswin;USA
Othman;USA
Prestin;USA
Race;USA
Raegan;USA
Raffi;USA
Raudel;USA
Remus;USA
Rizwan;USA
Roi;USA
Romen;USA
Romyn;USA
Roni;USA
Rowland;USA
Rune;USA
Ruthvik;USA
Rutledge;USA
Ryzen;USA
Shloime;USA
Suhail;USA
Supreme;USA
Tage;USA
Tamarion;USA
Tito;USA
Townsend;USA
Trayce;USA
Trigger;USA
Tyrique;USA
Vaibhav;USA
Wael;USA
Webb;USA
Wil;USA
Winner;USA
Winslow;USA
Yago;USA
Yeiden;USA
Yoandry;USA
Zadkiel;USA
Zyire;USA
